Model,Dataset,N,K,Rep,X_bounds,initevals,maxgenomelen,maxcohortlen,Time,Rsq_train,Rsq_test
FFX,659_sleuth_ex1714,47,7,0,,,30,7,4.230298042297363,0.9980315706160608,-2.909928623220424
PySR,659_sleuth_ex1714,47,7,0,,,30,7,12.275431871414185,0.9078553714694176,0.7440196938829546
PySR,659_sleuth_ex1714,47,7,1,,,30,7,4.041307210922241,0.9153331438302212,0.7218551443908559
PySR,659_sleuth_ex1714,47,7,2,,,30,7,4.150429010391235,0.9088433541394944,0.9083308706652468
PySR,659_sleuth_ex1714,47,7,3,,,30,7,4.138113975524902,0.9278861370407094,0.7618914820645283
PySR,659_sleuth_ex1714,47,7,4,,,30,7,4.112723350524902,0.9358178372949648,0.7566612131283977
Magpie,659_sleuth_ex1714,47,7,0,,1000.0,30,7,77.21671605110168,0.8483497158317853,0.7293955131115586
Magpie,659_sleuth_ex1714,47,7,1,,1000.0,30,7,63.10885500907898,0.6566087111264827,0.9203369035677068
Magpie,659_sleuth_ex1714,47,7,2,,1000.0,30,7,71.77416324615479,0.8796383323074528,0.8558434139274637
Magpie,659_sleuth_ex1714,47,7,3,,1000.0,30,7,73.9889509677887,0.8856204866282377,0.878690491203323
Magpie,659_sleuth_ex1714,47,7,4,,1000.0,30,7,59.46096587181091,0.4765970398441177,-1000000.0
Magpie,659_sleuth_ex1714,47,7,0,train,1000.0,30,7,71.42434787750244,0.848349723971378,0.7293954830654863
Magpie,659_sleuth_ex1714,47,7,1,train,1000.0,30,7,80.53199291229248,0.7131075827432709,0.8773122105179854
Magpie,659_sleuth_ex1714,47,7,2,train,1000.0,30,7,104.9166271686554,0.8895596338899832,0.8590742613667737
Magpie,659_sleuth_ex1714,47,7,3,train,1000.0,30,7,49.93324971199035,0.8609606797252549,0.7407178984477882
Magpie,659_sleuth_ex1714,47,7,4,train,1000.0,30,7,65.37910509109497,0.8891907009434667,0.7983612104327931
Magpie,659_sleuth_ex1714,47,7,0,test,1000.0,30,7,71.41840696334839,0.2643284670549171,0.4770911149463995
Magpie,659_sleuth_ex1714,47,7,1,test,1000.0,30,7,50.00904965400696,0.7131075837414957,0.8773122119355212
Magpie,659_sleuth_ex1714,47,7,2,test,1000.0,30,7,78.42112398147583,0.8944793416211325,0.5068345148429887
Magpie,659_sleuth_ex1714,47,7,3,test,1000.0,30,7,60.26120114326477,0.4892763000657947,0.805697759378266
Magpie,659_sleuth_ex1714,47,7,4,test,1000.0,30,7,87.84484624862671,0.6788149251683522,0.8167313000515167
Magpie,659_sleuth_ex1714,47,7,0,,5000.0,30,7,53.89829516410827,0.8849876158911585,0.8589971725969182
Magpie,659_sleuth_ex1714,47,7,1,,5000.0,30,7,29.53331995010376,0.7134495173534936,0.8762924483072123
Magpie,659_sleuth_ex1714,47,7,2,,5000.0,30,7,67.12958121299744,0.8823044373710882,0.8293986746720774
Magpie,659_sleuth_ex1714,47,7,3,,5000.0,30,7,44.24304986000061,0.7022921025270298,0.8694148007384046
Magpie,659_sleuth_ex1714,47,7,4,,5000.0,30,7,49.17389178276062,0.4765970400736642,-1000000.0
Magpie,659_sleuth_ex1714,47,7,0,train,5000.0,30,7,30.126889944076535,0.8691788140040851,0.8485650637016674
Magpie,659_sleuth_ex1714,47,7,1,train,5000.0,30,7,27.273826837539673,0.7134495161945263,0.8762924469038597
Magpie,659_sleuth_ex1714,47,7,2,train,5000.0,30,7,56.48847198486328,0.8309332807112412,0.881062789661699
Magpie,659_sleuth_ex1714,47,7,3,train,5000.0,30,7,47.922494888305664,0.7022921026146232,0.8694147994053367
Magpie,659_sleuth_ex1714,47,7,4,train,5000.0,30,7,35.83886218070984,0.4765970405894041,-1000000.0
Magpie,659_sleuth_ex1714,47,7,0,test,5000.0,30,7,39.831307888031006,0.8987783157669919,0.8766847292315452
Magpie,659_sleuth_ex1714,47,7,1,test,5000.0,30,7,42.695724964141846,0.631912267920939,0.956765097068002
Magpie,659_sleuth_ex1714,47,7,2,test,5000.0,30,7,44.37562394142151,0.8461656231278537,0.6861157982918009
Magpie,659_sleuth_ex1714,47,7,3,test,5000.0,30,7,43.125651836395264,0.7001966136778575,0.8797825208067351
Magpie,659_sleuth_ex1714,47,7,4,test,5000.0,30,7,49.04601311683655,0.6397370179715645,0.6231872277250707
Magpie,659_sleuth_ex1714,47,7,0,,10000.0,30,7,39.017834186553955,0.8753741963102527,0.871126463967704
Magpie,659_sleuth_ex1714,47,7,1,,10000.0,30,7,34.162134885787964,0.7131075832645705,0.8773122113440874
Magpie,659_sleuth_ex1714,47,7,2,,10000.0,30,7,34.99836492538452,0.8822909905904689,-1000000.0
Magpie,659_sleuth_ex1714,47,7,3,,10000.0,30,7,40.19156002998352,0.7022921025302988,0.8694148006886535
Magpie,659_sleuth_ex1714,47,7,4,,10000.0,30,7,45.24759769439697,0.4765970401697106,-1000000.0
Magpie,659_sleuth_ex1714,47,7,0,train,10000.0,30,7,34.95193290710449,0.8789117757939798,0.8732424573695652
Magpie,659_sleuth_ex1714,47,7,1,train,10000.0,30,7,31.076210021972656,0.7130636508217663,0.8766417830175772
Magpie,659_sleuth_ex1714,47,7,2,train,10000.0,30,7,30.766751050949097,0.8017179480179089,0.7602095773252844
Magpie,659_sleuth_ex1714,47,7,3,train,10000.0,30,7,50.225992918014526,0.702292102559704,0.8694148002411409
Magpie,659_sleuth_ex1714,47,7,4,train,10000.0,30,7,26.828710079193115,0.4765970400905889,-1000000.0
Magpie,659_sleuth_ex1714,47,7,0,test,10000.0,30,7,40.78906488418579,0.4892931541701529,0.8059349174105401
Magpie,659_sleuth_ex1714,47,7,1,test,10000.0,30,7,29.469913005828857,0.713063649991204,0.8766417825514085
Magpie,659_sleuth_ex1714,47,7,2,test,10000.0,30,7,25.495332717895508,0.8344447975001015,0.830758970736378
Magpie,659_sleuth_ex1714,47,7,3,test,10000.0,30,7,39.62079906463623,0.702292102654012,0.869414798805886
Magpie,659_sleuth_ex1714,47,7,4,test,10000.0,30,7,24.14357614517212,0.6397370187204132,0.6231872284445146
FFX,485_analcatdata_vehicle,48,4,0,,,30,7,14.609251976013184,0.9416368661243232,0.4275433970739718
PySR,485_analcatdata_vehicle,48,4,0,,,30,7,5.585222005844116,0.8653478101374162,0.6167089011049554
PySR,485_analcatdata_vehicle,48,4,1,,,30,7,4.013956785202026,0.8708134606259375,0.4900653918225046
PySR,485_analcatdata_vehicle,48,4,2,,,30,7,4.06143593788147,0.8791407458062477,0.5003630538655346
PySR,485_analcatdata_vehicle,48,4,3,,,30,7,3.936570167541504,0.8833069970748839,0.5709880606545887
PySR,485_analcatdata_vehicle,48,4,4,,,30,7,4.121703147888184,0.8716672406877486,0.6742819326269708
Magpie,485_analcatdata_vehicle,48,4,0,,1000.0,30,7,51.7338330745697,0.6171271560157994,0.614974404112512
Magpie,485_analcatdata_vehicle,48,4,1,,1000.0,30,7,91.8678982257843,0.7495798598820347,0.5541373354856194
Magpie,485_analcatdata_vehicle,48,4,2,,1000.0,30,7,43.54600691795349,0.5135513452479145,0.5675488560425634
Magpie,485_analcatdata_vehicle,48,4,3,,1000.0,30,7,60.32625675201416,0.8203962345972803,0.4900278223135691
Magpie,485_analcatdata_vehicle,48,4,4,,1000.0,30,7,58.16903281211853,0.798513292635575,0.5152541145047995
Magpie,485_analcatdata_vehicle,48,4,0,train,1000.0,30,7,71.18784618377686,0.7993816507728135,0.5035029697001657
Magpie,485_analcatdata_vehicle,48,4,1,train,1000.0,30,7,72.06556415557861,0.8195644453396245,0.5817097395356788
Magpie,485_analcatdata_vehicle,48,4,2,train,1000.0,30,7,50.39103794097901,0.5135513444191389,0.5675488565587297
Magpie,485_analcatdata_vehicle,48,4,3,train,1000.0,30,7,45.76523017883301,0.7877052650462608,0.5679528919855726
Magpie,485_analcatdata_vehicle,48,4,4,train,1000.0,30,7,47.92741918563843,0.8024410348496839,0.430103678014224
Magpie,485_analcatdata_vehicle,48,4,0,test,1000.0,30,7,71.06457805633545,0.7993816507728135,0.5035029697001657
Magpie,485_analcatdata_vehicle,48,4,1,test,1000.0,30,7,71.90160703659058,0.8195644453396245,0.5817097395356788
Magpie,485_analcatdata_vehicle,48,4,2,test,1000.0,30,7,50.23660898208618,0.5135513444191389,0.5675488565587297
Magpie,485_analcatdata_vehicle,48,4,3,test,1000.0,30,7,45.77611494064331,0.7877052650462608,0.5679528919855726
Magpie,485_analcatdata_vehicle,48,4,4,test,1000.0,30,7,47.78517985343933,0.8024410348496839,0.430103678014224
Magpie,485_analcatdata_vehicle,48,4,0,,5000.0,30,7,42.63356804847717,0.656337838127746,0.6684140794808835
Magpie,485_analcatdata_vehicle,48,4,1,,5000.0,30,7,57.409395933151245,0.7852724413225418,0.5762626302595852
Magpie,485_analcatdata_vehicle,48,4,2,,5000.0,30,7,42.27489519119263,0.5135513442819395,0.567548856449301
Magpie,485_analcatdata_vehicle,48,4,3,,5000.0,30,7,49.755126953125,0.6032408357922254,0.5884001815925111
Magpie,485_analcatdata_vehicle,48,4,4,,5000.0,30,7,52.44027876853943,0.7948499189626057,0.4675070898001451
Magpie,485_analcatdata_vehicle,48,4,0,train,5000.0,30,7,48.316240310668945,0.7844234993485926,0.495670889442292
Magpie,485_analcatdata_vehicle,48,4,1,train,5000.0,30,7,38.20312690734863,0.7499158905131197,0.5543490947951025
Magpie,485_analcatdata_vehicle,48,4,2,train,5000.0,30,7,55.44543504714966,0.5135513459286002,0.5675488574947621
Magpie,485_analcatdata_vehicle,48,4,3,train,5000.0,30,7,26.82101321220398,0.7215404826427946,0.4771831650319692
Magpie,485_analcatdata_vehicle,48,4,4,train,5000.0,30,7,46.754034996032715,0.580880785508435,0.596431951539052
Magpie,485_analcatdata_vehicle,48,4,0,test,5000.0,30,7,48.37214279174805,0.7844234993485926,0.495670889442292
Magpie,485_analcatdata_vehicle,48,4,1,test,5000.0,30,7,38.21566009521485,0.7499158905131197,0.5543490947951025
Magpie,485_analcatdata_vehicle,48,4,2,test,5000.0,30,7,55.43602800369263,0.5135513459286002,0.5675488574947621
Magpie,485_analcatdata_vehicle,48,4,3,test,5000.0,30,7,26.79015302658081,0.7215404826427946,0.4771831650319692
Magpie,485_analcatdata_vehicle,48,4,4,test,5000.0,30,7,46.77069425582886,0.580880785508435,0.596431951539052
Magpie,485_analcatdata_vehicle,48,4,0,,10000.0,30,7,32.97307109832764,0.7841521287689697,0.4967397803448869
Magpie,485_analcatdata_vehicle,48,4,1,,10000.0,30,7,35.66552495956421,0.6859943465727438,0.7175895926638518
Magpie,485_analcatdata_vehicle,48,4,2,,10000.0,30,7,33.47256278991699,0.7448079617726869,0.5364555940398784
Magpie,485_analcatdata_vehicle,48,4,3,,10000.0,30,7,46.24932026863098,0.6124800891400546,0.6054831224599936
Magpie,485_analcatdata_vehicle,48,4,4,,10000.0,30,7,32.07010197639465,0.7738301823529576,0.4927810776159718
Magpie,485_analcatdata_vehicle,48,4,0,train,10000.0,30,7,38.50071597099304,0.7852166178493614,0.5096678096510283
Magpie,485_analcatdata_vehicle,48,4,1,train,10000.0,30,7,37.42765188217163,0.6602952344072117,0.6999989495140115
Magpie,485_analcatdata_vehicle,48,4,2,train,10000.0,30,7,39.131006956100464,0.5135513442758581,0.5675488568657823
Magpie,485_analcatdata_vehicle,48,4,3,train,10000.0,30,7,43.173367977142334,0.6124800890871572,0.605483122563462
Magpie,485_analcatdata_vehicle,48,4,4,train,10000.0,30,7,32.125311851501465,0.6118553265584885,0.6050587658444329
Magpie,485_analcatdata_vehicle,48,4,0,test,10000.0,30,7,38.50199484825134,0.7852166178493614,0.5096678096510283
Magpie,485_analcatdata_vehicle,48,4,1,test,10000.0,30,7,37.46516489982605,0.6602952344072117,0.6999989495140115
Magpie,485_analcatdata_vehicle,48,4,2,test,10000.0,30,7,38.953969955444336,0.5135513442758581,0.5675488568657823
Magpie,485_analcatdata_vehicle,48,4,3,test,10000.0,30,7,43.06767892837525,0.6124800890871572,0.605483122563462
Magpie,485_analcatdata_vehicle,48,4,4,test,10000.0,30,7,32.23085379600525,0.6118553265584885,0.6050587658444329
FFX,1096_FacultySalaries,50,4,0,,,30,7,4.2869791984558105,0.9978062135454028,-4.399211810544333
PySR,1096_FacultySalaries,50,4,0,,,30,7,4.681328773498535,0.8547987102423801,0.9378993276797396
PySR,1096_FacultySalaries,50,4,1,,,30,7,3.778416872024536,0.918675098760747,0.8112705759853585
PySR,1096_FacultySalaries,50,4,2,,,30,7,3.756456851959229,0.8586220920585512,0.920267257194846
PySR,1096_FacultySalaries,50,4,3,,,30,7,3.8419981002807617,0.933702346165358,0.911460757589758
PySR,1096_FacultySalaries,50,4,4,,,30,7,3.841985940933227,0.9612301078908336,0.9237818438880704
Magpie,1096_FacultySalaries,50,4,0,,1000.0,30,7,63.71283197402954,0.8460644307046499,0.8935511663261722
Magpie,1096_FacultySalaries,50,4,1,,1000.0,30,7,36.84189009666443,0.8416484610974176,0.9560343620042264
Magpie,1096_FacultySalaries,50,4,2,,1000.0,30,7,59.62576532363891,0.8477287517408405,0.9560077959919708
Magpie,1096_FacultySalaries,50,4,3,,1000.0,30,7,34.82277202606201,0.7496790243840088,0.8761000748071138
Magpie,1096_FacultySalaries,50,4,4,,1000.0,30,7,65.58079695701599,0.7491399011664528,0.8750706927955716
Magpie,1096_FacultySalaries,50,4,0,train,1000.0,30,7,38.612699031829834,0.8531052898045456,0.904261094177538
Magpie,1096_FacultySalaries,50,4,1,train,1000.0,30,7,45.85531806945801,0.832706647057099,0.9498964735614336
Magpie,1096_FacultySalaries,50,4,2,train,1000.0,30,7,54.96892428398132,0.8391290778391851,0.971399773743699
Magpie,1096_FacultySalaries,50,4,3,train,1000.0,30,7,34.823472023010254,0.7754226992515794,0.8627967405250765
Magpie,1096_FacultySalaries,50,4,4,train,1000.0,30,7,39.005630016326904,0.8550342825935193,0.9539288684819828
Magpie,1096_FacultySalaries,50,4,0,test,1000.0,30,7,38.40139698982239,0.8531052898045456,0.904261094177538
Magpie,1096_FacultySalaries,50,4,1,test,1000.0,30,7,45.887946128845215,0.832706647057099,0.9498964735614336
Magpie,1096_FacultySalaries,50,4,2,test,1000.0,30,7,54.831515312194824,0.8391290778391851,0.971399773743699
Magpie,1096_FacultySalaries,50,4,3,test,1000.0,30,7,64.67351198196411,0.7496790246096153,0.876100075296028
Magpie,1096_FacultySalaries,50,4,4,test,1000.0,30,7,39.04555535316467,0.8550342825935193,0.9539288684819828
Magpie,1096_FacultySalaries,50,4,0,,5000.0,30,7,55.87106394767761,0.7752618021042958,0.862471125152958
Magpie,1096_FacultySalaries,50,4,1,,5000.0,30,7,41.26513385772705,0.8327066472863595,0.9498964748686622
Magpie,1096_FacultySalaries,50,4,2,,5000.0,30,7,38.53352069854736,0.8428081868164063,0.9675614716265802
Magpie,1096_FacultySalaries,50,4,3,,5000.0,30,7,48.5028600692749,0.7754226992515794,0.8627967405250765
Magpie,1096_FacultySalaries,50,4,4,,5000.0,30,7,68.93377923965454,0.7491399007057928,0.8750706919996969
Magpie,1096_FacultySalaries,50,4,0,train,5000.0,30,7,58.80397391319275,0.7752618021031471,0.8624711251509898
Magpie,1096_FacultySalaries,50,4,1,train,5000.0,30,7,33.11258602142334,0.8416484610875381,0.956034362213508
Magpie,1096_FacultySalaries,50,4,2,train,5000.0,30,7,36.148566007614136,0.8381457408516033,0.9624044544972172
Magpie,1096_FacultySalaries,50,4,3,train,5000.0,30,7,50.66579794883728,0.7754226992515794,0.8627967405250765
Magpie,1096_FacultySalaries,50,4,4,train,5000.0,30,7,49.99756979942322,0.8468229813159027,0.9625293774180728
Magpie,1096_FacultySalaries,50,4,0,test,5000.0,30,7,58.940268754959106,0.7752618021031471,0.8624711251509898
Magpie,1096_FacultySalaries,50,4,1,test,5000.0,30,7,33.1343629360199,0.8416484610875381,0.956034362213508
Magpie,1096_FacultySalaries,50,4,2,test,5000.0,30,7,40.230735778808594,0.8381457408516033,0.9624044544972172
Magpie,1096_FacultySalaries,50,4,3,test,5000.0,30,7,52.54153776168823,0.7496790243565143,0.8761000747475307
Magpie,1096_FacultySalaries,50,4,4,test,5000.0,30,7,50.334627866744995,0.8468229813159027,0.9625293774180728
Magpie,1096_FacultySalaries,50,4,0,,10000.0,30,7,50.6439208984375,0.8585214153758927,0.9067530339078242
Magpie,1096_FacultySalaries,50,4,1,,10000.0,30,7,25.964534044265747,0.8329597023529568,0.9457858909646556
Magpie,1096_FacultySalaries,50,4,2,,10000.0,30,7,35.19321084022522,0.8473701945059846,0.9400729035705624
Magpie,1096_FacultySalaries,50,4,3,,10000.0,30,7,29.899253129959103,0.7754226992515794,0.8627967405250765
Magpie,1096_FacultySalaries,50,4,4,,10000.0,30,7,54.51397705078125,0.7754866051665129,0.8631022580307445
Magpie,1096_FacultySalaries,50,4,0,train,10000.0,30,7,40.90101599693298,0.7752618021031471,0.8624711251509898
Magpie,1096_FacultySalaries,50,4,1,train,10000.0,30,7,30.200927019119263,0.8416484615862145,0.9560343640342686
Magpie,1096_FacultySalaries,50,4,2,train,10000.0,30,7,31.09044909477234,0.8473701945062975,0.9400729035689702
Magpie,1096_FacultySalaries,50,4,3,train,10000.0,30,7,31.843338012695312,0.7754226992515794,0.8627967405250765
Magpie,1096_FacultySalaries,50,4,4,train,10000.0,30,7,56.151506185531616,0.7491399007057928,0.8750706919996969
Magpie,1096_FacultySalaries,50,4,0,test,10000.0,30,7,40.21960687637329,0.8513946159645984,0.8967427060176614
Magpie,1096_FacultySalaries,50,4,1,test,10000.0,30,7,30.03787589073181,0.8416484615862145,0.9560343640342686
Magpie,1096_FacultySalaries,50,4,2,test,10000.0,30,7,30.34989094734192,0.8473701945062975,0.9400729035689702
Magpie,1096_FacultySalaries,50,4,3,test,10000.0,30,7,38.68408703804016,0.7754226992515794,0.8627967405250765
Magpie,1096_FacultySalaries,50,4,4,test,10000.0,30,7,54.92063093185425,0.7491399007057928,0.8750706919996969
FFX,687_sleuth_ex1605,62,5,0,,,30,7,6.481053829193115,0.9983721199694976,-2.699620119539483
PySR,687_sleuth_ex1605,62,5,0,,,30,7,6.557794094085693,0.7472841870376329,0.2696085752539758
PySR,687_sleuth_ex1605,62,5,1,,,30,7,4.86338472366333,0.7472841865276418,0.2696175022139362
PySR,687_sleuth_ex1605,62,5,2,,,30,7,5.138553857803345,0.706836416140343,0.3517509918338453
PySR,687_sleuth_ex1605,62,5,3,,,30,7,4.837323904037476,0.7472841754504287,0.2696110866698826
PySR,687_sleuth_ex1605,62,5,4,,,30,7,4.568624019622803,0.7472838566510309,0.2698098741486069
Magpie,687_sleuth_ex1605,62,5,0,,1000.0,30,7,54.233885049819946,0.6223234202302471,0.3603584442646333
Magpie,687_sleuth_ex1605,62,5,1,,1000.0,30,7,51.47173810005188,0.7461882806790499,-0.0434042300558232
Magpie,687_sleuth_ex1605,62,5,2,,1000.0,30,7,61.29358530044556,0.7188865622953187,0.3388337986934537
Magpie,687_sleuth_ex1605,62,5,3,,1000.0,30,7,67.66204285621643,0.7394865568962359,0.3358990596840137
Magpie,687_sleuth_ex1605,62,5,4,,1000.0,30,7,56.22259283065796,0.4480423942777559,-0.079121271353949
Magpie,687_sleuth_ex1605,62,5,0,train,1000.0,30,7,49.34440612792969,0.6223234202302471,0.3603584442646333
Magpie,687_sleuth_ex1605,62,5,1,train,1000.0,30,7,55.42942690849304,0.6559714194373295,0.3949788328205104
Magpie,687_sleuth_ex1605,62,5,2,train,1000.0,30,7,62.77033805847168,0.7473654722248655,0.2238280947035166
Magpie,687_sleuth_ex1605,62,5,3,train,1000.0,30,7,60.44903230667114,0.7394865544915655,0.3358990671610555
Magpie,687_sleuth_ex1605,62,5,4,train,1000.0,30,7,44.58454179763794,0.4480423942777559,-0.079121271353949
Magpie,687_sleuth_ex1605,62,5,0,test,1000.0,30,7,29.73004794120789,0.6223234202302471,0.3603584442646333
Magpie,687_sleuth_ex1605,62,5,1,test,1000.0,30,7,42.883782148361206,0.654017639886904,0.3940234318879753
Magpie,687_sleuth_ex1605,62,5,2,test,1000.0,30,7,74.31403088569641,0.716993220431182,0.3071755409628565
Magpie,687_sleuth_ex1605,62,5,3,test,1000.0,30,7,56.39898896217346,0.7349032057529981,0.3424169260710789
Magpie,687_sleuth_ex1605,62,5,4,test,1000.0,30,7,58.94102215766907,0.4480423942777559,-0.079121271353949
Magpie,687_sleuth_ex1605,62,5,0,,5000.0,30,7,62.34251022338867,0.6223234202302471,0.3603584442646333
Magpie,687_sleuth_ex1605,62,5,1,,5000.0,30,7,49.873920917510986,0.7366830453143292,0.2628221313210308
Magpie,687_sleuth_ex1605,62,5,2,,5000.0,30,7,42.28781986236572,0.7451628770066978,0.2199820939365488
Magpie,687_sleuth_ex1605,62,5,3,,5000.0,30,7,48.93115425109863,0.7207250114854795,0.306070292429933
Magpie,687_sleuth_ex1605,62,5,4,,5000.0,30,7,44.35359287261963,0.4702985339174031,-0.0388816450420024
Magpie,687_sleuth_ex1605,62,5,0,train,5000.0,30,7,52.06355595588684,0.6223234202302471,0.3603584442646333
Magpie,687_sleuth_ex1605,62,5,1,train,5000.0,30,7,32.13299798965454,0.7292959497708141,0.279880138360278
Magpie,687_sleuth_ex1605,62,5,2,train,5000.0,30,7,40.68027997016907,0.6325633205189634,0.4386277263195507
Magpie,687_sleuth_ex1605,62,5,3,train,5000.0,30,7,45.23585104942322,0.7481608122390877,0.3055441469520783
Magpie,687_sleuth_ex1605,62,5,4,train,5000.0,30,7,39.27390909194946,0.4702985339174031,-0.0388816450420024
Magpie,687_sleuth_ex1605,62,5,0,test,5000.0,30,7,49.23439908027649,0.6223234202302471,0.3603584442646333
Magpie,687_sleuth_ex1605,62,5,1,test,5000.0,30,7,33.491512060165405,0.7291416330567342,0.2803389835452128
Magpie,687_sleuth_ex1605,62,5,2,test,5000.0,30,7,41.62917399406433,0.7110371644862636,0.4078630808305057
Magpie,687_sleuth_ex1605,62,5,3,test,5000.0,30,7,40.66168594360352,0.7402375692116955,0.3360882923733028
Magpie,687_sleuth_ex1605,62,5,4,test,5000.0,30,7,40.64103412628174,0.4177016252085959,-0.1364848643687355
Magpie,687_sleuth_ex1605,62,5,0,,10000.0,30,7,34.71391296386719,0.6223234202302471,0.3603584442646333
Magpie,687_sleuth_ex1605,62,5,1,,10000.0,30,7,32.87064981460571,0.7373715853897652,0.2608020208697127
Magpie,687_sleuth_ex1605,62,5,2,,10000.0,30,7,37.04901099205017,0.7192093716071319,0.3824443462431511
Magpie,687_sleuth_ex1605,62,5,3,,10000.0,30,7,32.516056060791016,0.6993950410509792,0.3500278178247675
Magpie,687_sleuth_ex1605,62,5,4,,10000.0,30,7,40.61703705787659,0.4702985339174031,-0.0388816450420024
Magpie,687_sleuth_ex1605,62,5,0,train,10000.0,30,7,40.10254883766174,0.6302048418359156,0.3970900262377946
Magpie,687_sleuth_ex1605,62,5,1,train,10000.0,30,7,39.24076318740845,0.7369677834039874,0.2400989577246641
Magpie,687_sleuth_ex1605,62,5,2,train,10000.0,30,7,39.03066420555115,0.7500520350055764,0.2352328607467705
Magpie,687_sleuth_ex1605,62,5,3,train,10000.0,30,7,29.64109706878662,0.6993948759316646,0.3500286481518063
Magpie,687_sleuth_ex1605,62,5,4,train,10000.0,30,7,35.53052806854248,0.4702985339174031,-0.0388816450420024
Magpie,687_sleuth_ex1605,62,5,0,test,10000.0,30,7,36.73050808906555,0.6223234202302471,0.3603584442646333
Magpie,687_sleuth_ex1605,62,5,1,test,10000.0,30,7,30.514594078063965,0.6559714191190021,0.3949788328722251
Magpie,687_sleuth_ex1605,62,5,2,test,10000.0,30,7,46.691410303115845,0.7172818563045464,0.3377505435488824
Magpie,687_sleuth_ex1605,62,5,3,test,10000.0,30,7,39.06962823867798,0.739283419074581,0.3430465276184369
Magpie,687_sleuth_ex1605,62,5,4,test,10000.0,30,7,37.44046187400818,0.4702985339174031,-0.0388816450420024
FFX,706_sleuth_case1202,93,6,0,,,30,7,15.596206903457642,0.9967030449432632,-246.74401564745511
PySR,706_sleuth_case1202,93,6,0,,,30,7,6.829422950744629,0.7484142615509466,0.7373425511924281
PySR,706_sleuth_case1202,93,6,1,,,30,7,4.6040167808532715,0.7484142607329719,0.7373399640999183
PySR,706_sleuth_case1202,93,6,2,,,30,7,4.392294883728027,0.7263663512566398,0.686638272007998
PySR,706_sleuth_case1202,93,6,3,,,30,7,4.831180095672607,0.7484141882021098,0.737355097545338
PySR,706_sleuth_case1202,93,6,4,,,30,7,4.809314012527466,0.7484142599543451,0.7373312155952487
Magpie,706_sleuth_case1202,93,6,0,,1000.0,30,7,43.7491602897644,0.7757177273869671,0.6681018011850435
Magpie,706_sleuth_case1202,93,6,1,,1000.0,30,7,48.627208948135376,0.76949851356237,0.6745012383367421
Magpie,706_sleuth_case1202,93,6,2,,1000.0,30,7,45.17461824417114,0.7527387267278753,0.7354860342670377
Magpie,706_sleuth_case1202,93,6,3,,1000.0,30,7,43.57825207710266,0.7797805393833076,0.5955551301172569
Magpie,706_sleuth_case1202,93,6,4,,1000.0,30,7,56.13979983329773,0.706773956899794,0.5203395393990535
Magpie,706_sleuth_case1202,93,6,0,train,1000.0,30,7,71.96524214744568,0.7786273992587265,0.5509658999687687
Magpie,706_sleuth_case1202,93,6,1,train,1000.0,30,7,62.79005193710327,0.6745562595533405,0.5950952446027563
Magpie,706_sleuth_case1202,93,6,2,train,1000.0,30,7,50.631515979766846,0.7638471096238083,0.6979706295971357
Magpie,706_sleuth_case1202,93,6,3,train,1000.0,30,7,38.13399624824524,0.7806093997289161,0.6050175528550656
Magpie,706_sleuth_case1202,93,6,4,train,1000.0,30,7,54.79041004180908,0.7526215004864213,0.7250327031643466
Magpie,706_sleuth_case1202,93,6,0,test,1000.0,30,7,64.74697399139404,0.7676921873703013,0.4164996560960555
Magpie,706_sleuth_case1202,93,6,1,test,1000.0,30,7,62.01394891738891,0.6745562595533405,0.5950952446027563
Magpie,706_sleuth_case1202,93,6,2,test,1000.0,30,7,61.910372734069824,0.7635918762914709,0.6995490357670617
Magpie,706_sleuth_case1202,93,6,3,test,1000.0,30,7,38.221832275390625,0.7806093997289161,0.6050175528550656
Magpie,706_sleuth_case1202,93,6,4,test,1000.0,30,7,53.755348205566406,0.7526215003661698,0.7250327043006366
Magpie,706_sleuth_case1202,93,6,0,,5000.0,30,7,51.563294887542725,0.6900244227276806,0.6042642630700217
Magpie,706_sleuth_case1202,93,6,1,,5000.0,30,7,41.878852128982544,0.7814477398967983,0.6732587548977015
Magpie,706_sleuth_case1202,93,6,2,,5000.0,30,7,42.545613050460815,0.7688112170467007,0.686709027637141
Magpie,706_sleuth_case1202,93,6,3,,5000.0,30,7,43.216447830200195,0.7806094037534108,0.6050175383908872
Magpie,706_sleuth_case1202,93,6,4,,5000.0,30,7,46.972992181777954,0.8129246765790382,0.7368893803914356
Magpie,706_sleuth_case1202,93,6,0,train,5000.0,30,7,61.27788805961609,0.7252542023382045,0.3661563522056912
Magpie,706_sleuth_case1202,93,6,1,train,5000.0,30,7,47.13960909843445,0.7684027220511106,0.6922200718994866
Magpie,706_sleuth_case1202,93,6,2,train,5000.0,30,7,52.397381067276,0.7674204752369784,0.7034954926708357
Magpie,706_sleuth_case1202,93,6,3,train,5000.0,30,7,39.681509256362915,0.7054458238987817,0.6780192600333306
Magpie,706_sleuth_case1202,93,6,4,train,5000.0,30,7,48.59258008003235,0.7123956801541897,0.7485594328494958
Magpie,706_sleuth_case1202,93,6,0,test,5000.0,30,7,64.1669991016388,0.767735471034226,0.509590053780983
Magpie,706_sleuth_case1202,93,6,1,test,5000.0,30,7,51.09645199775696,0.6804008511472868,0.5603489474814809
Magpie,706_sleuth_case1202,93,6,2,test,5000.0,30,7,43.67658281326294,0.7548143641187353,0.736922858751593
Magpie,706_sleuth_case1202,93,6,3,test,5000.0,30,7,37.22719430923462,0.7843475313998313,0.6524594922461275
Magpie,706_sleuth_case1202,93,6,4,test,5000.0,30,7,48.329649925231934,0.7123956801930308,0.7485594330122359
Magpie,706_sleuth_case1202,93,6,0,,10000.0,30,7,42.01583909988403,0.7202456327314184,0.3669448215953425
Magpie,706_sleuth_case1202,93,6,1,,10000.0,30,7,31.819422960281372,0.6813479703529669,0.5842275220187647
Magpie,706_sleuth_case1202,93,6,2,,10000.0,30,7,33.468085050582886,0.768811218151596,0.6867090251793067
Magpie,706_sleuth_case1202,93,6,3,,10000.0,30,7,30.425253868103027,0.6664178743731697,0.4715103592131694
Magpie,706_sleuth_case1202,93,6,4,,10000.0,30,7,28.806169271469116,0.8129246890206596,0.7368894349878514
Magpie,706_sleuth_case1202,93,6,0,train,10000.0,30,7,39.339983224868774,0.7548931953230577,0.4579143917389182
Magpie,706_sleuth_case1202,93,6,1,train,10000.0,30,7,28.290740966796875,0.6804008512547814,0.560348946503475
Magpie,706_sleuth_case1202,93,6,2,train,10000.0,30,7,33.724679946899414,0.7641768696413178,0.6599545079354261
Magpie,706_sleuth_case1202,93,6,3,train,10000.0,30,7,38.01061296463013,0.7597662135221984,0.700013902458706
Magpie,706_sleuth_case1202,93,6,4,train,10000.0,30,7,35.3238639831543,0.7123956803888353,0.7485594338326376
Magpie,706_sleuth_case1202,93,6,0,test,10000.0,30,7,38.10603594779968,0.7662233192730064,0.4999743886661623
Magpie,706_sleuth_case1202,93,6,1,test,10000.0,30,7,28.892995834350582,0.6804008512547814,0.560348946503475
Magpie,706_sleuth_case1202,93,6,2,test,10000.0,30,7,30.513641119003296,0.7480666973834066,0.7386382982162967
Magpie,706_sleuth_case1202,93,6,3,test,10000.0,30,7,45.71758198738098,0.7597040590417425,0.708905834377064
Magpie,706_sleuth_case1202,93,6,4,test,10000.0,30,7,33.55838704109192,0.7123956801494279,0.7485594328295442
FFX,210_cloud,108,5,0,,,30,7,6.799992084503174,0.976200250088845,0.8174906623627642
PySR,210_cloud,108,5,0,,,30,7,6.276535749435425,0.9284550064689864,0.6347193822763669
PySR,210_cloud,108,5,1,,,30,7,4.644395112991333,0.9398248492913288,0.5735291822889033
PySR,210_cloud,108,5,2,,,30,7,4.641863107681274,0.9398248494221392,0.5735417595631325
PySR,210_cloud,108,5,3,,,30,7,4.239354133605957,0.9396768240280658,0.5730129263144296
PySR,210_cloud,108,5,4,,,30,7,4.19242000579834,0.9400565246642424,0.5772106293666424
Magpie,210_cloud,108,5,0,,1000.0,30,7,35.45158386230469,0.9283082917147816,0.635021018682478
Magpie,210_cloud,108,5,1,,1000.0,30,7,35.53588891029358,0.9401183617349034,0.5430649740901112
Magpie,210_cloud,108,5,2,,1000.0,30,7,39.785313844680786,0.945442833731694,0.656478503715885
Magpie,210_cloud,108,5,3,,1000.0,30,7,42.73565483093262,0.9292126595302412,0.6529565333702405
Magpie,210_cloud,108,5,4,,1000.0,30,7,33.628533124923706,0.9439688963891344,0.6263693493186577
Magpie,210_cloud,108,5,0,train,1000.0,30,7,31.2412588596344,0.940612781882842,0.6587178796334019
Magpie,210_cloud,108,5,1,train,1000.0,30,7,30.8684720993042,0.9335021965393226,0.6640691838215445
Magpie,210_cloud,108,5,2,train,1000.0,30,7,30.032437801361084,0.9456562609511447,0.5808201932024406
Magpie,210_cloud,108,5,3,train,1000.0,30,7,34.99771499633789,0.9275117569410816,0.6327300094591608
Magpie,210_cloud,108,5,4,train,1000.0,30,7,43.67913007736206,0.9433857671712976,0.4789148696131973
Magpie,210_cloud,108,5,0,test,1000.0,30,7,29.635977029800415,0.940612781882842,0.6587178796334019
Magpie,210_cloud,108,5,1,test,1000.0,30,7,34.8965220451355,0.942433509946462,0.6300764288207535
Magpie,210_cloud,108,5,2,test,1000.0,30,7,30.18548560142517,0.9434230264365032,0.6168031221553416
Magpie,210_cloud,108,5,3,test,1000.0,30,7,38.120569705963135,0.9392557678458164,0.5764965910751594
Magpie,210_cloud,108,5,4,test,1000.0,30,7,32.429118394851685,0.942212251758032,0.6310838601833326
Magpie,210_cloud,108,5,0,,5000.0,30,7,27.254610061645508,0.9472823592218924,0.6000370628604934
Magpie,210_cloud,108,5,1,,5000.0,30,7,25.543973922729492,0.9452255657988764,0.5828794951030551
Magpie,210_cloud,108,5,2,,5000.0,30,7,26.9265718460083,0.9431479038482292,0.6021724699787767
Magpie,210_cloud,108,5,3,,5000.0,30,7,24.681273937225345,0.9477884824844864,0.5776290774277113
Magpie,210_cloud,108,5,4,,5000.0,30,7,20.97198796272278,0.9432553050877364,0.6065328559353519
Magpie,210_cloud,108,5,0,train,5000.0,30,7,35.77614188194275,0.9333362030339618,0.631817419620484
Magpie,210_cloud,108,5,1,train,5000.0,30,7,31.01737380027771,0.9199231366083184,0.5713907898418878
Magpie,210_cloud,108,5,2,train,5000.0,30,7,33.98418927192688,0.9404231788748212,0.5919609613129001
Magpie,210_cloud,108,5,3,train,5000.0,30,7,31.33105707168579,0.9421782182149332,0.5980794901360091
Magpie,210_cloud,108,5,4,train,5000.0,30,7,25.883968114852905,0.9434938961832448,0.6074670951206809
Magpie,210_cloud,108,5,0,test,5000.0,30,7,36.32799482345581,0.939853605807476,0.5801168515927722
Magpie,210_cloud,108,5,1,test,5000.0,30,7,34.00996470451355,0.9326045022901522,0.6830828248924863
Magpie,210_cloud,108,5,2,test,5000.0,30,7,31.76091480255127,0.9410954812783662,0.6036474028202075
Magpie,210_cloud,108,5,3,test,5000.0,30,7,32.078667879104614,0.9275117568910244,0.6327300093830661
Magpie,210_cloud,108,5,4,test,5000.0,30,7,27.03764295578003,0.9434938961832448,0.6074670951206809
Magpie,210_cloud,108,5,0,,10000.0,30,7,21.44496512413025,0.9422520483253154,0.6263954129607899
Magpie,210_cloud,108,5,1,,10000.0,30,7,19.858611345291138,0.9359352337798008,0.670617471859861
Magpie,210_cloud,108,5,2,,10000.0,30,7,21.878798246383667,0.9179602569774952,0.402185159170598
Magpie,210_cloud,108,5,3,,10000.0,30,7,22.807374238967896,0.9275117569080203,0.6327300094089028
Magpie,210_cloud,108,5,4,,10000.0,30,7,22.5011088848114,0.944201014965053,0.6167623367296182
Magpie,210_cloud,108,5,0,train,10000.0,30,7,26.275057077407837,0.943917891540094,0.6395969728593334
Magpie,210_cloud,108,5,1,train,10000.0,30,7,19.58530902862549,0.9362154847073626,0.4242692047439431
Magpie,210_cloud,108,5,2,train,10000.0,30,7,21.855649948120117,0.943014098804279,0.6029932606738031
Magpie,210_cloud,108,5,3,train,10000.0,30,7,27.245988130569454,0.9421782182297816,0.5980794897110397
Magpie,210_cloud,108,5,4,train,10000.0,30,7,27.94362092018127,0.9407017153375716,0.6303294149301863
Magpie,210_cloud,108,5,0,test,10000.0,30,7,23.82985997200012,0.9436548200742316,0.6072894649260268
Magpie,210_cloud,108,5,1,test,10000.0,30,7,20.98511791229248,0.9342555894555996,0.6841488609858988
Magpie,210_cloud,108,5,2,test,10000.0,30,7,18.985754013061523,0.943794215692124,0.628578008434338
Magpie,210_cloud,108,5,3,test,10000.0,30,7,20.165024995803833,0.9392557678290584,0.5764965904142723
Magpie,210_cloud,108,5,4,test,10000.0,30,7,24.830209016799927,0.9422813473931791,0.6083627508065045
FFX,678_visualizing_environmental,111,3,0,,,30,7,4.549771070480347,0.7630509543259689,-36.48312112508536
PySR,678_visualizing_environmental,111,3,0,,,30,7,7.0143210887908936,0.3311181895278083,0.4201696180417089
PySR,678_visualizing_environmental,111,3,1,,,30,7,4.776169300079346,0.3311182175663816,0.4201924258757905
PySR,678_visualizing_environmental,111,3,2,,,30,7,4.796107053756714,0.3311182175635121,0.420192204662794
PySR,678_visualizing_environmental,111,3,3,,,30,7,4.994805097579956,0.3311182176250513,0.4201911013133397
PySR,678_visualizing_environmental,111,3,4,,,30,7,4.553838014602661,0.331118217625082,0.4201911135389845
Magpie,678_visualizing_environmental,111,3,0,,1000.0,30,7,77.59199786186218,0.1774625965384146,0.2380204033607781
Magpie,678_visualizing_environmental,111,3,1,,1000.0,30,7,33.04719305038452,0.0462196830205317,-1000000.0
Magpie,678_visualizing_environmental,111,3,2,,1000.0,30,7,57.96046209335327,0.3646143454768349,0.2074446426640621
Magpie,678_visualizing_environmental,111,3,3,,1000.0,30,7,66.7868709564209,0.3693836145280658,0.3368911272141293
Magpie,678_visualizing_environmental,111,3,4,,1000.0,30,7,42.540212869644165,0.3201098699647625,-1000000.0
Magpie,678_visualizing_environmental,111,3,0,train,1000.0,30,7,55.98524212837219,0.1774625966518813,0.2380204039634124
Magpie,678_visualizing_environmental,111,3,1,train,1000.0,30,7,37.35344409942627,0.0462196827097394,-1000000.0
Magpie,678_visualizing_environmental,111,3,2,train,1000.0,30,7,56.26275467872619,0.3733071631706202,0.3140118453153603
Magpie,678_visualizing_environmental,111,3,3,train,1000.0,30,7,56.77160716056824,0.3728784198988689,0.2898698803291507
Magpie,678_visualizing_environmental,111,3,4,train,1000.0,30,7,55.999523878097534,0.2902827380023289,0.390753133432523
Magpie,678_visualizing_environmental,111,3,0,test,1000.0,30,7,59.21070694923401,0.1774625965532986,0.238020403439829
Magpie,678_visualizing_environmental,111,3,1,test,1000.0,30,7,47.186931133270264,0.0029255515981265,-0.0416303144976717
Magpie,678_visualizing_environmental,111,3,2,test,1000.0,30,7,63.58972907066345,0.3722412016319388,0.2876791374413441
Magpie,678_visualizing_environmental,111,3,3,test,1000.0,30,7,39.7282030582428,0.3751152696375952,0.285325972328406
Magpie,678_visualizing_environmental,111,3,4,test,1000.0,30,7,64.01381087303162,0.2144715673700605,0.2407864691441338
Magpie,678_visualizing_environmental,111,3,0,,5000.0,30,7,68.98348689079285,0.1774625965384146,0.2380204033607781
Magpie,678_visualizing_environmental,111,3,1,,5000.0,30,7,51.68894386291504,0.0575039465633312,-1000000.0
Magpie,678_visualizing_environmental,111,3,2,,5000.0,30,7,32.1027557849884,0.3740084738446521,0.3047420125877494
Magpie,678_visualizing_environmental,111,3,3,,5000.0,30,7,32.63992238044739,0.3728784197161073,0.2898698818878941
Magpie,678_visualizing_environmental,111,3,4,,5000.0,30,7,41.63644313812256,0.320109870073888,-1000000.0
Magpie,678_visualizing_environmental,111,3,0,train,5000.0,30,7,63.30446696281433,0.1774625965384146,0.2380204033607781
Magpie,678_visualizing_environmental,111,3,1,train,5000.0,30,7,39.092031955718994,0.0575039464982711,-1000000.0
Magpie,678_visualizing_environmental,111,3,2,train,5000.0,30,7,41.14297103881836,0.3569642390190929,0.4077344667702692
Magpie,678_visualizing_environmental,111,3,3,train,5000.0,30,7,42.27183508872986,0.3677239927127962,0.3406279081801376
Magpie,678_visualizing_environmental,111,3,4,train,5000.0,30,7,35.117947816848755,0.2361878085294815,-1000000.0
Magpie,678_visualizing_environmental,111,3,0,test,5000.0,30,7,59.969950914382935,0.1774625965384146,0.2380204033607781
Magpie,678_visualizing_environmental,111,3,1,test,5000.0,30,7,43.52755284309387,0.0029255515981265,-0.0416303144976717
Magpie,678_visualizing_environmental,111,3,2,test,5000.0,30,7,68.07547783851624,0.3645521362219067,0.2475155603513125
Magpie,678_visualizing_environmental,111,3,3,test,5000.0,30,7,33.98049974441528,0.3728784199207365,0.2898698805783825
Magpie,678_visualizing_environmental,111,3,4,test,5000.0,30,7,39.237765073776245,0.2784022239733577,0.3047418616088154
Magpie,678_visualizing_environmental,111,3,0,,10000.0,30,7,48.38661503791809,0.1774625965384146,0.2380204033607781
Magpie,678_visualizing_environmental,111,3,1,,10000.0,30,7,37.8418071269989,0.0575039470235144,-1000000.0
Magpie,678_visualizing_environmental,111,3,2,,10000.0,30,7,44.55912804603577,0.3722412015860162,0.2876791373078571
Magpie,678_visualizing_environmental,111,3,3,,10000.0,30,7,33.011473178863525,0.3728784198016623,0.2898698806320046
Magpie,678_visualizing_environmental,111,3,4,,10000.0,30,7,32.690690994262695,0.2902827409625861,0.3907531341101641
Magpie,678_visualizing_environmental,111,3,0,train,10000.0,30,7,31.969472885131836,0.1774625965384146,0.2380204033607781
Magpie,678_visualizing_environmental,111,3,1,train,10000.0,30,7,46.79280710220337,0.0575039467415805,-1000000.0
Magpie,678_visualizing_environmental,111,3,2,train,10000.0,30,7,27.62253999710083,0.372241201453987,0.2876791375007794
Magpie,678_visualizing_environmental,111,3,3,train,10000.0,30,7,30.08634114265442,0.3716089161912862,0.3242290769404913
Magpie,678_visualizing_environmental,111,3,4,train,10000.0,30,7,52.79014706611633,0.290282737517242,0.390753133321481
Magpie,678_visualizing_environmental,111,3,0,test,10000.0,30,7,38.76894402503967,0.1774625965384146,0.2380204033607781
Magpie,678_visualizing_environmental,111,3,1,test,10000.0,30,7,45.45435094833374,0.0029255515981265,-0.0416303144976717
Magpie,678_visualizing_environmental,111,3,2,test,10000.0,30,7,43.57419395446777,0.3681752866083075,0.3294253763890112
Magpie,678_visualizing_environmental,111,3,3,test,10000.0,30,7,31.64186716079712,0.3680543015962138,0.3497264782693304
Magpie,678_visualizing_environmental,111,3,4,test,10000.0,30,7,37.58499097824097,0.2784022243893996,0.3047418636087133
FFX,665_sleuth_case2002,147,6,0,,,30,7,11.884310007095335,0.8816844807019328,-6.231816555081265
PySR,665_sleuth_case2002,147,6,0,,,30,7,7.212814092636108,0.3678427716211051,0.0751870845319815
PySR,665_sleuth_case2002,147,6,1,,,30,7,4.939976215362549,0.5797366687825968,0.2644430378532744
PySR,665_sleuth_case2002,147,6,2,,,30,7,4.715198993682861,0.3678427782064135,0.0751576686953571
PySR,665_sleuth_case2002,147,6,3,,,30,7,5.042523145675659,0.3678427783170309,0.0751449247046718
PySR,665_sleuth_case2002,147,6,4,,,30,7,4.984472990036011,0.435753778574907,0.1729301483803773
Magpie,665_sleuth_case2002,147,6,0,,1000.0,30,7,45.33266615867615,0.4770636902172637,0.1978515157394841
Magpie,665_sleuth_case2002,147,6,1,,1000.0,30,7,43.43985724449158,0.4721699078229217,0.2199462031332931
Magpie,665_sleuth_case2002,147,6,2,,1000.0,30,7,41.54570698738098,0.4436563639547221,0.173768457005755
Magpie,665_sleuth_case2002,147,6,3,,1000.0,30,7,49.15878772735596,0.4437909516913755,0.1804953294996633
Magpie,665_sleuth_case2002,147,6,4,,1000.0,30,7,40.57259392738342,0.4458191579321515,0.188363977467187
Magpie,665_sleuth_case2002,147,6,0,train,1000.0,30,7,55.59612202644348,0.476528537922128,0.1990688930256722
Magpie,665_sleuth_case2002,147,6,1,train,1000.0,30,7,46.76306700706482,0.472169907839424,0.2199462026215422
Magpie,665_sleuth_case2002,147,6,2,train,1000.0,30,7,35.61290884017944,0.4798986229054852,0.1697441008710346
Magpie,665_sleuth_case2002,147,6,3,train,1000.0,30,7,38.24593114852905,0.4467750954084278,0.1831712578442818
Magpie,665_sleuth_case2002,147,6,4,train,1000.0,30,7,38.248167991638184,0.4722134393946452,0.2176574511566203
Magpie,665_sleuth_case2002,147,6,0,test,1000.0,30,7,55.14359498023987,0.476528537922128,0.1990688930256722
Magpie,665_sleuth_case2002,147,6,1,test,1000.0,30,7,48.38037300109863,0.472169907839424,0.2199462026215422
Magpie,665_sleuth_case2002,147,6,2,test,1000.0,30,7,37.5552921295166,0.4798986229054852,0.1697441008710346
Magpie,665_sleuth_case2002,147,6,3,test,1000.0,30,7,38.407684326171875,0.4467750954084278,0.1831712578442818
Magpie,665_sleuth_case2002,147,6,4,test,1000.0,30,7,38.30704116821289,0.4722134393946452,0.2176574511566203
Magpie,665_sleuth_case2002,147,6,0,,5000.0,30,7,25.468384981155396,0.4433789146331952,0.1700104818697478
Magpie,665_sleuth_case2002,147,6,1,,5000.0,30,7,44.06326103210449,0.4721699079153701,0.2199462002664114
Magpie,665_sleuth_case2002,147,6,2,,5000.0,30,7,26.156332969665527,0.4438882484399268,0.170243524032436
Magpie,665_sleuth_case2002,147,6,3,,5000.0,30,7,42.452954053878784,0.4437909516912096,0.1804953295085378
Magpie,665_sleuth_case2002,147,6,4,,5000.0,30,7,44.964603900909424,0.4402081502437106,0.1723769509483642
Magpie,665_sleuth_case2002,147,6,0,train,5000.0,30,7,47.24835705757141,0.4433789146336555,0.1700104818748026
Magpie,665_sleuth_case2002,147,6,1,train,5000.0,30,7,29.412446975708008,0.4651507701057885,0.2006297291704359
Magpie,665_sleuth_case2002,147,6,2,train,5000.0,30,7,34.39937686920166,0.4436563639524779,0.1737684569656118
Magpie,665_sleuth_case2002,147,6,3,train,5000.0,30,7,45.933554887771606,0.443790951692513,0.1804953294388327
Magpie,665_sleuth_case2002,147,6,4,train,5000.0,30,7,37.29857683181763,0.4701066155800455,0.2150503940039981
Magpie,665_sleuth_case2002,147,6,0,test,5000.0,30,7,46.94812297821045,0.4433789146336555,0.1700104818748026
Magpie,665_sleuth_case2002,147,6,1,test,5000.0,30,7,29.5380597114563,0.4651507701057885,0.2006297291704359
Magpie,665_sleuth_case2002,147,6,2,test,5000.0,30,7,34.8291277885437,0.4436563639524779,0.1737684569656118
Magpie,665_sleuth_case2002,147,6,3,test,5000.0,30,7,45.32364320755005,0.443790951692513,0.1804953294388327
Magpie,665_sleuth_case2002,147,6,4,test,5000.0,30,7,36.28246593475342,0.4701066155800455,0.2150503940039981
Magpie,665_sleuth_case2002,147,6,0,,10000.0,30,7,30.722697019577023,0.4587461707560271,0.1767125268878607
Magpie,665_sleuth_case2002,147,6,1,,10000.0,30,7,27.04032301902771,0.4684864670647075,0.209418109393484
Magpie,665_sleuth_case2002,147,6,2,,10000.0,30,7,28.050296783447266,0.4507606587679028,0.1980568080132483
Magpie,665_sleuth_case2002,147,6,3,,10000.0,30,7,30.740044116973877,0.4467750952204918,0.1831712571143576
Magpie,665_sleuth_case2002,147,6,4,,10000.0,30,7,28.30310821533203,0.4551435308471855,0.1869451096209671
Magpie,665_sleuth_case2002,147,6,0,train,10000.0,30,7,27.85192394256592,0.4733528661765576,0.206000285171626
Magpie,665_sleuth_case2002,147,6,1,train,10000.0,30,7,26.52609372138977,0.4729296855571387,0.1991998316865711
Magpie,665_sleuth_case2002,147,6,2,train,10000.0,30,7,20.990925073623657,0.4806799275974915,0.1842216944689153
Magpie,665_sleuth_case2002,147,6,3,train,10000.0,30,7,28.34600567817688,0.4437909516913878,0.18049532949901
Magpie,665_sleuth_case2002,147,6,4,train,10000.0,30,7,24.96497797966003,0.4684191135602091,0.2085830923910621
Magpie,665_sleuth_case2002,147,6,0,test,10000.0,30,7,27.95743703842163,0.4733528661765576,0.206000285171626
Magpie,665_sleuth_case2002,147,6,1,test,10000.0,30,7,26.399606943130493,0.4729296855571387,0.1991998316865711
Magpie,665_sleuth_case2002,147,6,2,test,10000.0,30,7,21.11556196212769,0.4806799275974915,0.1842216944689153
Magpie,665_sleuth_case2002,147,6,3,test,10000.0,30,7,28.43131923675537,0.4437909516913878,0.18049532949901
Magpie,665_sleuth_case2002,147,6,4,test,10000.0,30,7,23.07330107688904,0.4684191135602091,0.2085830923910621
FFX,230_machine_cpu,209,6,0,,,30,7,10.858011722564695,0.9872229996855496,0.4186493317145938
PySR,230_machine_cpu,209,6,0,,,30,7,8.308974027633667,0.965157472160314,0.9446141714194116
PySR,230_machine_cpu,209,6,1,,,30,7,4.8584630489349365,0.9408435430476272,0.8066030023880698
PySR,230_machine_cpu,209,6,2,,,30,7,4.850977897644043,0.9614041392542496,0.9515297577463646
PySR,230_machine_cpu,209,6,3,,,30,7,5.281130075454712,0.9442891822631412,0.9211286658109542
PySR,230_machine_cpu,209,6,4,,,30,7,6.24880313873291,0.9408433847363568,0.8066074476809099
Magpie,230_machine_cpu,209,6,0,,1000.0,30,7,49.03256392478943,0.9267968637363224,0.8068799286485572
Magpie,230_machine_cpu,209,6,1,,1000.0,30,7,51.20117211341858,0.9160778407691352,0.6950570406533538
Magpie,230_machine_cpu,209,6,2,,1000.0,30,7,39.67107772827149,0.9059961489470592,0.6581031282144136
Magpie,230_machine_cpu,209,6,3,,1000.0,30,7,31.933682918548584,0.9335456670288592,0.7636271611800909
Magpie,230_machine_cpu,209,6,4,,1000.0,30,7,37.39293098449707,0.912947995272734,0.8106500460542614
Magpie,230_machine_cpu,209,6,0,train,1000.0,30,7,39.86710786819458,0.8829195295011747,0.7701943200220409
Magpie,230_machine_cpu,209,6,1,train,1000.0,30,7,30.862977027893063,0.9206680422667614,0.8250576007398995
Magpie,230_machine_cpu,209,6,2,train,1000.0,30,7,34.24337315559387,0.9155395858246352,0.738968693474869
Magpie,230_machine_cpu,209,6,3,train,1000.0,30,7,48.75712323188782,0.9253814145657718,0.669381129620034
Magpie,230_machine_cpu,209,6,4,train,1000.0,30,7,53.42247676849365,0.9218436426605746,0.8196420028008788
Magpie,230_machine_cpu,209,6,0,test,1000.0,30,7,55.64237308502197,0.9210905341660258,0.7925546644690944
Magpie,230_machine_cpu,209,6,1,test,1000.0,30,7,32.740071296691895,0.914091987250155,0.8388378042379221
Magpie,230_machine_cpu,209,6,2,test,1000.0,30,7,29.90125799179077,0.9098932731345516,0.72628872082852
Magpie,230_machine_cpu,209,6,3,test,1000.0,30,7,41.50364589691162,0.9206238085663568,0.7709364404335177
Magpie,230_machine_cpu,209,6,4,test,1000.0,30,7,45.29607105255127,0.9210953187448364,0.7649927117580283
Magpie,230_machine_cpu,209,6,0,,5000.0,30,7,29.620546102523804,0.933116316439002,0.7628690483674989
Magpie,230_machine_cpu,209,6,1,,5000.0,30,7,55.13916492462158,0.9433388293464848,0.951839175688635
Magpie,230_machine_cpu,209,6,2,,5000.0,30,7,33.418050050735474,0.8629979157973837,0.6466054673948924
Magpie,230_machine_cpu,209,6,3,,5000.0,30,7,33.13508987426758,0.8879231253627391,0.8131005315861533
Magpie,230_machine_cpu,209,6,4,,5000.0,30,7,25.91174292564392,0.8422818772844711,0.5305349358792022
Magpie,230_machine_cpu,209,6,0,train,5000.0,30,7,30.113728761672977,0.8959349659378275,0.8071844957892633
Magpie,230_machine_cpu,209,6,1,train,5000.0,30,7,28.619908094406128,0.8653712748853473,0.6187162290607374
Magpie,230_machine_cpu,209,6,2,train,5000.0,30,7,36.80087089538574,0.9276240710867972,0.7613193003063148
Magpie,230_machine_cpu,209,6,3,train,5000.0,30,7,57.53629279136658,0.8911805881860263,0.8259800069249136
Magpie,230_machine_cpu,209,6,4,train,5000.0,30,7,28.36420202255249,0.93275071344388,0.8188730175609356
Magpie,230_machine_cpu,209,6,0,test,5000.0,30,7,30.809519052505493,0.8945250432982796,0.7948640804791969
Magpie,230_machine_cpu,209,6,1,test,5000.0,30,7,32.603862047195435,0.9136792124497024,0.7523532534245626
Magpie,230_machine_cpu,209,6,2,test,5000.0,30,7,31.690500736236572,0.9270072862688004,0.7640982172047511
Magpie,230_machine_cpu,209,6,3,test,5000.0,30,7,49.320260763168335,0.8827247865554425,0.7898930384878707
Magpie,230_machine_cpu,209,6,4,test,5000.0,30,7,27.006634950637817,0.9332702401266008,0.7506294060326689
Magpie,230_machine_cpu,209,6,0,,10000.0,30,7,25.287492036819454,0.9408024710739092,0.7881684834101708
Magpie,230_machine_cpu,209,6,1,,10000.0,30,7,25.399409770965576,0.8557351656714599,0.6372045165581047
Magpie,230_machine_cpu,209,6,2,,10000.0,30,7,20.751883029937744,0.8099093864969074,0.8751960101967816
Magpie,230_machine_cpu,209,6,3,,10000.0,30,7,32.00197386741638,0.9273413754520476,0.7617957780595168
Magpie,230_machine_cpu,209,6,4,,10000.0,30,7,26.435258150100708,0.8422818717360715,0.5305346963284338
Magpie,230_machine_cpu,209,6,0,train,10000.0,30,7,19.03410530090332,0.9403371391331388,0.9392672094014378
Magpie,230_machine_cpu,209,6,1,train,10000.0,30,7,23.157088041305546,0.916870900594313,0.7186313904453905
Magpie,230_machine_cpu,209,6,2,train,10000.0,30,7,19.654494762420654,0.9310034189308218,0.8004549102911949
Magpie,230_machine_cpu,209,6,3,train,10000.0,30,7,25.255681037902832,0.8943599755166014,0.8138746171604854
Magpie,230_machine_cpu,209,6,4,train,10000.0,30,7,25.360037088394165,0.9200641627661128,0.8613575756737419
Magpie,230_machine_cpu,209,6,0,test,10000.0,30,7,23.498568773269653,0.937102721086884,0.7876533312488866
Magpie,230_machine_cpu,209,6,1,test,10000.0,30,7,26.02552604675293,0.8464937741186853,0.667388368595496
Magpie,230_machine_cpu,209,6,2,test,10000.0,30,7,21.64343023300171,0.8189604158323296,0.934322612627389
Magpie,230_machine_cpu,209,6,3,test,10000.0,30,7,29.770260095596313,0.8941110367966429,0.810838489144379
Magpie,230_machine_cpu,209,6,4,test,10000.0,30,7,29.442492246627808,0.911451240650702,0.7688875578156673
FFX,561_cpu,209,7,0,,,30,7,2.4566030502319336,0.9944770203736152,0.9668600350900604
PySR,561_cpu,209,7,0,,,30,7,6.5563249588012695,0.9961861385665544,0.9651654966012256
PySR,561_cpu,209,7,1,,,30,7,5.040572166442871,0.9938769382878428,0.9248836701853697
PySR,561_cpu,209,7,2,,,30,7,4.9472880363464355,0.991676605601985,0.984687488363342
PySR,561_cpu,209,7,3,,,30,7,5.570109128952026,0.9969689122268268,0.9507753784076988
PySR,561_cpu,209,7,4,,,30,7,5.20221209526062,0.9969844757006076,0.9571693566729412
Magpie,561_cpu,209,7,0,,1000.0,30,7,42.98635697364807,0.9903448934652698,0.974720783879908
Magpie,561_cpu,209,7,1,,1000.0,30,7,39.79354405403137,0.97108487736465,0.7997226664403038
Magpie,561_cpu,209,7,2,,1000.0,30,7,34.6463258266449,0.9900949987300444,0.9186246561562784
Magpie,561_cpu,209,7,3,,1000.0,30,7,54.88785195350647,0.994728921070417,0.9854212966107648
Magpie,561_cpu,209,7,4,,1000.0,30,7,39.184540033340454,0.9911300779612896,0.974829156050158
Magpie,561_cpu,209,7,0,train,1000.0,30,7,40.425074100494385,0.9901681021533216,0.9389253620586112
Magpie,561_cpu,209,7,1,train,1000.0,30,7,37.77033591270447,0.9654485954110756,0.5752745400672634
Magpie,561_cpu,209,7,2,train,1000.0,30,7,37.336992025375366,0.99129835748244,0.965855358214502
Magpie,561_cpu,209,7,3,train,1000.0,30,7,47.486371994018555,0.9870551157041896,0.9327268372209336
Magpie,561_cpu,209,7,4,train,1000.0,30,7,41.23273205757141,0.9880868971039884,0.912651931205898
Magpie,561_cpu,209,7,0,test,1000.0,30,7,42.622650146484375,0.9466177294033118,0.9049445203373556
Magpie,561_cpu,209,7,1,test,1000.0,30,7,36.95051097869873,0.9654931120714318,0.932092777897646
Magpie,561_cpu,209,7,2,test,1000.0,30,7,28.87501311302185,0.9605616945316028,0.8893083098767917
Magpie,561_cpu,209,7,3,test,1000.0,30,7,54.17920112609863,0.9865032138861056,0.9765344005503268
Magpie,561_cpu,209,7,4,test,1000.0,30,7,27.50209927558899,0.9880868971066218,0.912651931080861
Magpie,561_cpu,209,7,0,,5000.0,30,7,46.053130865097046,0.959892308436336,0.9122509031478672
Magpie,561_cpu,209,7,1,,5000.0,30,7,37.47047400474548,0.9649415233331712,0.965935068224764
Magpie,561_cpu,209,7,2,,5000.0,30,7,35.981990814208984,0.9741211196940364,0.9539970423461116
Magpie,561_cpu,209,7,3,,5000.0,30,7,43.3232958316803,0.9930169742084284,0.9250507799029548
Magpie,561_cpu,209,7,4,,5000.0,30,7,27.576709985733032,0.9846662123163462,0.9210277391979548
Magpie,561_cpu,209,7,0,train,5000.0,30,7,38.509592056274414,0.9826978628352644,0.922629447284404
Magpie,561_cpu,209,7,1,train,5000.0,30,7,35.85303997993469,0.9823728766979556,0.9939726028785348
Magpie,561_cpu,209,7,2,train,5000.0,30,7,32.182973861694336,0.982186861173576,0.896732974752912
Magpie,561_cpu,209,7,3,train,5000.0,30,7,39.2332649230957,0.9903439307361076,0.9688080989303792
Magpie,561_cpu,209,7,4,train,5000.0,30,7,27.775830030441284,0.9831715713995748,0.9089910664244965
Magpie,561_cpu,209,7,0,test,5000.0,30,7,31.26021099090576,0.9863834104436936,0.9075674279367985
Magpie,561_cpu,209,7,1,test,5000.0,30,7,31.554730892181396,0.9705488961960952,0.981976843160594
Magpie,561_cpu,209,7,2,test,5000.0,30,7,36.205734968185425,0.9620906857578928,0.8632059027475173
Magpie,561_cpu,209,7,3,test,5000.0,30,7,39.30461597442627,0.9904435101195668,0.987351650583594
Magpie,561_cpu,209,7,4,test,5000.0,30,7,41.1743700504303,0.9900535684412516,0.9942363378616847
Magpie,561_cpu,209,7,0,,10000.0,30,7,26.989951133728027,0.9867864381275576,0.9063543867433854
Magpie,561_cpu,209,7,1,,10000.0,30,7,26.052196979522705,0.9589978711580388,0.8845510702939885
Magpie,561_cpu,209,7,2,,10000.0,30,7,23.441765069961548,0.9564685553671556,0.9759043320081304
Magpie,561_cpu,209,7,3,,10000.0,30,7,30.785468101501465,0.98033600273959,0.9723019376154822
Magpie,561_cpu,209,7,4,,10000.0,30,7,24.49418616294861,0.9868427512126958,0.8958568817503886
Magpie,561_cpu,209,7,0,train,10000.0,30,7,27.057637929916385,0.9862118812501052,0.9347010121862652
Magpie,561_cpu,209,7,1,train,10000.0,30,7,30.73113512992859,0.971616364489271,0.9534407953636972
Magpie,561_cpu,209,7,2,train,10000.0,30,7,24.806512355804443,0.9526440753587854,0.8671457704435113
Magpie,561_cpu,209,7,3,train,10000.0,30,7,30.75572109222412,0.9902532015978802,0.9160936015406234
Magpie,561_cpu,209,7,4,train,10000.0,30,7,23.34210705757141,0.9869324660791018,0.9334628381280226
Magpie,561_cpu,209,7,0,test,10000.0,30,7,26.252203941345215,0.9931941710462026,0.905775300467668
Magpie,561_cpu,209,7,1,test,10000.0,30,7,31.01455283164978,0.9924668174406954,0.9255939358859032
Magpie,561_cpu,209,7,2,test,10000.0,30,7,26.34852409362793,0.9525122742007986,0.7685335380449029
Magpie,561_cpu,209,7,3,test,10000.0,30,7,26.731232166290283,0.9879207606822928,0.9880689436949112
Magpie,561_cpu,209,7,4,test,10000.0,30,7,33.087291955947876,0.981380597513356,0.9799988731168509
Magpie,659_sleuth_ex1714,47,7,1,test,5000.0,30,3,55.2614688873291,0.7203424753920451,0.8483570420597519
Magpie,659_sleuth_ex1714,47,7,1,test,5000.0,30,5,58.02288794517517,0.7130636499908574,0.8766417826110331
Magpie,659_sleuth_ex1714,47,7,2,test,5000.0,30,3,78.78204584121704,0.8468030019572141,0.752072764143846
Magpie,659_sleuth_ex1714,47,7,4,test,5000.0,30,3,82.3745288848877,0.8765089287972265,0.8307829728140408
Magpie,659_sleuth_ex1714,47,7,0,test,5000.0,30,3,87.63524198532104,0.2643284671981492,0.4770911173821243
Magpie,659_sleuth_ex1714,47,7,3,test,5000.0,30,3,90.86225199699402,0.7022921024966657,0.869414801200509
Magpie,659_sleuth_ex1714,47,7,0,test,5000.0,30,5,102.12916803359984,0.8640752716443407,0.7177546409593349
Magpie,659_sleuth_ex1714,47,7,3,test,5000.0,30,5,106.43426823616028,0.7022921025135842,0.86941480094303
Magpie,659_sleuth_ex1714,47,7,4,test,5000.0,30,5,101.7831518650055,0.8771462939858835,0.8448131769284738
Magpie,659_sleuth_ex1714,47,7,2,test,5000.0,30,5,129.14267587661743,0.8926418470201929,0.8968470153357597
Magpie,485_analcatdata_vehicle,48,4,3,test,5000.0,30,3,64.14023399353027,0.8092028660582403,0.5449390631452002
Magpie,485_analcatdata_vehicle,48,4,4,test,5000.0,30,3,73.2206358909607,0.7880164596557535,0.5330479669819943
Magpie,485_analcatdata_vehicle,48,4,0,test,5000.0,30,5,79.6034722328186,0.6572663109039019,0.6672919147595403
Magpie,485_analcatdata_vehicle,48,4,2,test,5000.0,30,3,108.90404319763184,0.5135513442397033,0.5675488564920884
Magpie,485_analcatdata_vehicle,48,4,1,test,5000.0,30,5,61.692933082580566,0.7890181461797503,0.510148006601029
Magpie,485_analcatdata_vehicle,48,4,3,test,5000.0,30,5,68.6890721321106,0.7490582754183197,0.5744990211698286
Magpie,485_analcatdata_vehicle,48,4,2,test,5000.0,30,5,88.20266699790955,0.5135513440511321,0.5675488561277318
Magpie,485_analcatdata_vehicle,48,4,4,test,5000.0,30,5,84.54331803321838,0.7937985840988625,0.3834665075897159
Magpie,1096_FacultySalaries,50,4,2,test,5000.0,30,3,45.90979981422424,0.8728243434287468,0.9398213467036884
Magpie,1096_FacultySalaries,50,4,0,test,5000.0,30,3,67.86978101730347,0.7752618021031471,0.8624711251509898
Magpie,1096_FacultySalaries,50,4,1,test,5000.0,30,3,70.85479402542114,0.8327066472855237,0.9498964744796968
Magpie,1096_FacultySalaries,50,4,0,test,5000.0,30,5,41.67599606513977,0.8531951038640679,0.9337789542135176
Magpie,1096_FacultySalaries,50,4,3,test,5000.0,30,3,58.08691191673279,0.7754226992492876,0.8627967405191046
Magpie,1096_FacultySalaries,50,4,1,test,5000.0,30,5,54.331056118011475,0.8531972472430618,0.93040520663668
Magpie,1096_FacultySalaries,50,4,4,test,5000.0,30,3,67.04352593421936,0.8562674839895774,0.9273172093371076
Magpie,1096_FacultySalaries,50,4,2,test,5000.0,30,5,71.53951096534729,0.8521086416198419,0.9579201278727468
Magpie,1096_FacultySalaries,50,4,4,test,5000.0,30,5,54.906781911849976,0.8595450987311192,0.90945060584714
Magpie,1096_FacultySalaries,50,4,3,test,5000.0,30,5,76.23106098175049,0.7754226992492876,0.8627967405191046
Magpie,687_sleuth_ex1605,62,5,1,test,5000.0,30,3,72.11087608337402,0.7368018048668437,0.2239058260649633
Magpie,687_sleuth_ex1605,62,5,0,test,5000.0,30,3,88.70989203453064,0.6316643688194167,0.4005142778140733
Magpie,687_sleuth_ex1605,62,5,2,test,5000.0,30,3,82.43742394447327,0.7443802705103059,0.240361345269905
Magpie,687_sleuth_ex1605,62,5,3,test,5000.0,30,3,70.13924503326416,0.7331909792007716,0.3388072748945689
Magpie,687_sleuth_ex1605,62,5,1,test,5000.0,30,5,63.584195137023926,0.7611492545389672,0.3005416786441066
Magpie,687_sleuth_ex1605,62,5,0,test,5000.0,30,5,74.91299510002136,0.6302048417160986,0.3970900250985403
Magpie,687_sleuth_ex1605,62,5,4,test,5000.0,30,3,90.92068028450012,0.4702985339174031,-0.0388816450420024
Magpie,687_sleuth_ex1605,62,5,2,test,5000.0,30,5,75.79679679870605,0.746951188645087,0.2478785823946873
Magpie,687_sleuth_ex1605,62,5,3,test,5000.0,30,5,72.64211106300354,0.7372793709640564,0.339243785396056
Magpie,687_sleuth_ex1605,62,5,4,test,5000.0,30,5,84.0527069568634,0.4702985339174031,-0.0388816450420024
Magpie,706_sleuth_case1202,93,6,2,test,5000.0,30,3,54.34183406829834,0.7462895455290811,0.7589365853740383
Magpie,706_sleuth_case1202,93,6,0,test,5000.0,30,3,78.45958495140076,0.7581044559924783,0.5934779064500028
Magpie,706_sleuth_case1202,93,6,3,test,5000.0,30,3,59.27694511413574,0.7840090054526975,0.6490227642393199
Magpie,706_sleuth_case1202,93,6,1,test,5000.0,30,3,103.91349625587463,0.7044700675921461,0.4655180266183449
Magpie,706_sleuth_case1202,93,6,4,test,5000.0,30,3,56.97537779808045,0.7522484396327282,0.704711165124549
Magpie,706_sleuth_case1202,93,6,1,test,5000.0,30,5,70.70759201049805,0.6766450866532404,0.5985613158288958
Magpie,706_sleuth_case1202,93,6,0,test,5000.0,30,5,85.45215225219727,0.7770839918462256,0.5387979475487827
Magpie,706_sleuth_case1202,93,6,2,test,5000.0,30,5,68.86037015914917,0.7577322440525672,0.7329454618621947
Magpie,706_sleuth_case1202,93,6,3,test,5000.0,30,5,77.16402101516724,0.7806093995079008,0.6050175449736237
Magpie,706_sleuth_case1202,93,6,4,test,5000.0,30,5,79.59116697311401,0.7123956802584546,0.748559433286355
Magpie,210_cloud,108,5,1,test,5000.0,30,3,38.34268212318421,0.9335021964939968,0.664069183060397
Magpie,210_cloud,108,5,0,test,5000.0,30,3,49.543741941452026,0.9397154257263454,0.5956163392030097
Magpie,210_cloud,108,5,3,test,5000.0,30,3,47.20485877990723,0.9397023004280394,0.5854274513256879
Magpie,210_cloud,108,5,4,test,5000.0,30,3,40.46751022338867,0.9448394649638718,0.6151998047670832
Magpie,210_cloud,108,5,2,test,5000.0,30,3,57.23199200630188,0.9423305864710972,0.587689436269794
Magpie,210_cloud,108,5,0,test,5000.0,30,5,45.002633810043335,0.9449202156252045,0.6491460103501479
Magpie,210_cloud,108,5,1,test,5000.0,30,5,51.30311584472656,0.9394621118207002,0.5677400990544228
Magpie,210_cloud,108,5,4,test,5000.0,30,5,40.081071853637695,0.946673826853741,0.6051490936379317
Magpie,210_cloud,108,5,2,test,5000.0,30,5,45.14614701271057,0.9443454805344522,0.6014134534423866
Magpie,210_cloud,108,5,3,test,5000.0,30,5,49.207202672958374,0.9408046297591984,0.546065281760429
Magpie,678_visualizing_environmental,111,3,4,test,5000.0,30,3,53.018413066864014,0.2784022244001374,0.3047418634900352
Magpie,678_visualizing_environmental,111,3,2,test,5000.0,30,3,73.82702994346619,0.372241201386974,0.2876791375111189
Magpie,678_visualizing_environmental,111,3,3,test,5000.0,30,3,75.76769399642944,0.368054301294385,0.3497264801855321
Magpie,678_visualizing_environmental,111,3,1,test,5000.0,30,3,88.46174263954163,-1000000.0,-1000000.0
Magpie,678_visualizing_environmental,111,3,0,test,5000.0,30,3,99.96349096298218,0.1774625965384146,0.2380204033607781
Magpie,678_visualizing_environmental,111,3,0,test,5000.0,30,5,85.24938702583313,0.1774625965384146,0.2380204033607781
Magpie,678_visualizing_environmental,111,3,3,test,5000.0,30,5,61.62320685386658,0.3693836142525057,0.3368911294266553
Magpie,678_visualizing_environmental,111,3,1,test,5000.0,30,5,67.0251772403717,-1000000.0,-1000000.0
Magpie,678_visualizing_environmental,111,3,2,test,5000.0,30,5,65.29089903831482,0.3722412013137138,0.2876791379489773
Magpie,678_visualizing_environmental,111,3,4,test,5000.0,30,5,92.00910210609436,0.2784022239919301,0.3047418621941941
Magpie,665_sleuth_case2002,147,6,1,test,5000.0,30,3,48.47138476371765,0.4721699078615556,0.2199462019352323
Magpie,665_sleuth_case2002,147,6,0,test,5000.0,30,3,71.81171083450317,0.443378914628462,0.1700104818177913
Magpie,665_sleuth_case2002,147,6,3,test,5000.0,30,3,57.16186285018921,0.4437909516915913,0.1804953294881212
Magpie,665_sleuth_case2002,147,6,2,test,5000.0,30,3,61.453859090805054,0.4646610814412077,0.1964516457216134
Magpie,665_sleuth_case2002,147,6,0,test,5000.0,30,5,54.434452056884766,0.4433789146331952,0.1700104818697478
Magpie,665_sleuth_case2002,147,6,4,test,5000.0,30,3,70.93172979354858,0.440208149690887,0.1723769500973633
Magpie,665_sleuth_case2002,147,6,1,test,5000.0,30,5,53.16856098175049,0.4719702647225622,0.2036358348563609
Magpie,665_sleuth_case2002,147,6,2,test,5000.0,30,5,41.09472894668579,0.4643025202738224,0.1953625068493883
Magpie,665_sleuth_case2002,147,6,3,test,5000.0,30,5,67.90545415878296,0.4403562561905506,0.1817880111853509
Magpie,665_sleuth_case2002,147,6,4,test,5000.0,30,5,65.5962827205658,0.440208149239063,0.1723769496911681
Magpie,230_machine_cpu,209,6,0,test,5000.0,30,3,52.53706693649292,0.8957362617238914,0.8214304178324264
Magpie,230_machine_cpu,209,6,1,test,5000.0,30,3,51.88700795173645,0.8378449665446652,0.6718591522987647
Magpie,230_machine_cpu,209,6,2,test,5000.0,30,3,52.20680594444275,0.8008754743528601,0.877986752654784
Magpie,230_machine_cpu,209,6,3,test,5000.0,30,3,51.073681116104126,0.9315361729274784,0.9407703896466708
Magpie,230_machine_cpu,209,6,4,test,5000.0,30,3,58.62167501449585,0.8678118608911194,0.6472117319710325
Magpie,230_machine_cpu,209,6,2,test,5000.0,30,5,45.019070863723755,0.909893267633411,0.7262886665723753
Magpie,230_machine_cpu,209,6,1,test,5000.0,30,5,54.04182195663452,0.9332638652202212,0.7474094122396925
Magpie,230_machine_cpu,209,6,0,test,5000.0,30,5,67.51303791999817,0.8945250432851167,0.7948640798263608
Magpie,230_machine_cpu,209,6,3,test,5000.0,30,5,49.25330591201782,0.8827247865243305,0.7898930372998673
Magpie,230_machine_cpu,209,6,4,test,5000.0,30,5,44.256929874420166,0.8878205086559123,0.8339556205837815
Magpie,561_cpu,209,7,0,test,5000.0,30,3,55.91085696220398,0.988863662958162,0.944931145503542
Magpie,561_cpu,209,7,2,test,5000.0,30,3,55.59078907966614,0.8919551465632262,0.6789091462140515
Magpie,561_cpu,209,7,1,test,5000.0,30,3,66.45437598228455,0.964872679025914,0.9511171788866564
Magpie,561_cpu,209,7,3,test,5000.0,30,3,51.522812843322754,0.9854177950164428,0.926293355056482
Magpie,561_cpu,209,7,4,test,5000.0,30,3,42.29503011703491,0.9918789649734172,0.9640057089845802
Magpie,561_cpu,209,7,0,test,5000.0,30,5,53.07122588157654,0.9814879301406736,0.910490908974969
Magpie,561_cpu,209,7,2,test,5000.0,30,5,48.70619177818298,0.9821632168812492,0.8973230833272435
Magpie,561_cpu,209,7,1,test,5000.0,30,5,62.93293905258179,0.9849643898783144,0.9694752585332156
Magpie,561_cpu,209,7,3,test,5000.0,30,5,48.60088896751404,0.984203006464807,0.9341763357301897
Magpie,561_cpu,209,7,4,test,5000.0,30,5,52.45580697059631,0.9899652478266456,0.9935259397927269
Magpie,485_analcatdata_vehicle,48,4,0,test,5000.0,30,3,16.367887258529663,0.6105014400659026,0.6047800363237903
Magpie,485_analcatdata_vehicle,48,4,1,test,5000.0,30,3,33.381593227386475,0.660295234206226,0.6999989497293804
